{"cameraMode":{"drawMode":0,"name":"Shaded","section":"Shading Mode"},"sceneLighting":false,"audioPlay":false,"sceneViewState":{"m_AlwaysRefresh":false,"showFog":true,"showSkybox":false,"showFlares":true,"showImageEffects":true,"showParticleSystems":true,"showVisualEffectGraphs":true,"m_FxEnabled":false},"in2DMode":false,"pivot":{"x":-5.22385311126709,"y":1.6010181903839112,"z":-30.74260711669922},"rotation":{"x":0.20551741123199464,"y":-0.008708248846232891,"z":0.0018287700368091465,"w":0.9786158800125122},"size":6.258543968200684,"orthographic":true}