{"cameraMode":{"drawMode":0,"name":"Shaded","section":"Shading Mode"},"sceneLighting":true,"audioPlay":false,"sceneViewState":{"m_AlwaysRefresh":false,"showFog":true,"showSkybox":true,"showFlares":true,"showImageEffects":true,"showParticleSystems":true,"showVisualEffectGraphs":true,"m_FxEnabled":false},"in2DMode":false,"pivot":{"x":-45.88805389404297,"y":8.952458381652832,"z":-46.77294158935547},"rotation":{"x":0.17706024646759034,"y":-0.0053131189197301868,"z":0.0009555679280310869,"w":0.9841919541358948},"size":287.15673828125,"orthographic":true}